{"loss(train)": 9.842589881724381e-05, "loss(val.)": 0.01653959464195818, "MPJPE(train)": 0.0035679300781339407, " MPJPE(val.)": 0.18107837438583374, "_timestamp": 1683275407.366195, "_runtime": 143659.3201189041, "_step": 39, "_wandb": {"runtime": 143658}}