{"loss(train)": 0.0017842000353780075, "loss(val.)": 0.013508166656524776, "MPJPE(train)": 0.005305638071149588, " MPJPE(val.)": 0.1260754019021988, "_timestamp": 1683128019.710988, "_runtime": 17316.14324903488, "_step": 99, "_wandb": {"runtime": 17316}}