{"loss(train)": 0.010504075389369117, "loss(val.)": 0.01676995303725527, "MPJPE(train)": 0.1110079437494278, " MPJPE(val.)": 0.15118376910686493, "_timestamp": 1683131608.701099, "_runtime": 868.0123348236084, "_step": 4, "_wandb": {"runtime": 990}}