{"loss(train)": 0.002330185059096892, "loss(val.)": 0.0022369359681686882, "MPJPE(train)": 61.804901123046875, " MPJPE(val.)": 59.55983352661133, "_timestamp": 1684615945.9206743, "_runtime": 1272.3249464035034, "_step": 199, "_wandb": {"runtime": 1351}}