{"loss(train)": 0.00023115098044502674, "loss(val.)": 0.0005413433884521957, "MPJPE(train)": 14.207900047302246, " MPJPE(val.)": 25.70289421081543, "_timestamp": 1684895091.0273395, "_runtime": 21619.083906412125, "_step": 0}